[{"productmeta_style":"","productmeta_categories":"","send_file_attachment":"","show_cart_thumb":"","aviary_api_key":"","productmeta_validation":"","productmeta_id":"183","productmeta_created":"2019-03-12 14:22:27","productmeta_name":"Basic Fields","dynamic_price_display":"all_option","the_meta":"{&quot;1&quot;:{&quot;type&quot;:&quot;text&quot;,&quot;title&quot;:&quot;Any text input&quot;,&quot;data_name&quot;:&quot;any_text_input&quot;,&quot;placeholder&quot;:&quot;&quot;,&quot;description&quot;:&quot;It\\\\\\\\&#039;s a test field&quot;,&quot;error_message&quot;:&quot;&quot;,&quot;maxlength&quot;:&quot;&quot;,&quot;minlength&quot;:&quot;&quot;,&quot;default_value&quot;:&quot;&quot;,&quot;class&quot;:&quot;&quot;,&quot;input_mask&quot;:&quot;&quot;,&quot;width&quot;:&quot;12&quot;,&quot;visibility&quot;:&quot;everyone&quot;,&quot;visibility_role&quot;:&quot;&quot;,&quot;conditions&quot;:{&quot;visibility&quot;:&quot;Show&quot;,&quot;bound&quot;:&quot;All&quot;,&quot;rules&quot;:[{&quot;elements&quot;:&quot;any_text_input&quot;,&quot;operators&quot;:&quot;is&quot;,&quot;element_values&quot;:&quot;&quot;}]},&quot;ppom_id&quot;:&quot;1&quot;},&quot;2&quot;:{&quot;type&quot;:&quot;select&quot;,&quot;title&quot;:&quot;Test Options&quot;,&quot;data_name&quot;:&quot;test_options&quot;,&quot;description&quot;:&quot;&quot;,&quot;error_message&quot;:&quot;&quot;,&quot;options&quot;:[{&quot;option&quot;:&quot;Option A&quot;,&quot;price&quot;:&quot;5&quot;,&quot;weight&quot;:&quot;&quot;,&quot;id&quot;:&quot;option_a&quot;},{&quot;option&quot;:&quot;Option B&quot;,&quot;price&quot;:&quot;6&quot;,&quot;weight&quot;:&quot;&quot;,&quot;id&quot;:&quot;option_b&quot;},{&quot;option&quot;:&quot;Option C&quot;,&quot;price&quot;:&quot;7&quot;,&quot;weight&quot;:&quot;&quot;,&quot;id&quot;:&quot;option_c&quot;}],&quot;selected&quot;:&quot;&quot;,&quot;first_option&quot;:&quot;&quot;,&quot;class&quot;:&quot;&quot;,&quot;width&quot;:&quot;12&quot;,&quot;visibility&quot;:&quot;everyone&quot;,&quot;visibility_role&quot;:&quot;&quot;,&quot;conditions&quot;:{&quot;visibility&quot;:&quot;Show&quot;,&quot;bound&quot;:&quot;All&quot;,&quot;rules&quot;:[{&quot;elements&quot;:&quot;any_text_input&quot;,&quot;operators&quot;:&quot;is&quot;,&quot;element_values&quot;:&quot;&quot;}]},&quot;ppom_id&quot;:&quot;1&quot;},&quot;3&quot;:{&quot;type&quot;:&quot;checkbox&quot;,&quot;title&quot;:&quot;Conditional Field&quot;,&quot;data_name&quot;:&quot;conditional_field&quot;,&quot;description&quot;:&quot;Shown when Option B is selected&quot;,&quot;error_message&quot;:&quot;&quot;,&quot;options&quot;:[{&quot;option&quot;:&quot;Test Checkbox&quot;,&quot;price&quot;:&quot;&quot;,&quot;weight&quot;:&quot;&quot;,&quot;id&quot;:&quot;test_checkbox&quot;}],&quot;class&quot;:&quot;&quot;,&quot;width&quot;:&quot;12&quot;,&quot;checked&quot;:&quot;&quot;,&quot;min_checked&quot;:&quot;&quot;,&quot;max_checked&quot;:&quot;&quot;,&quot;visibility&quot;:&quot;everyone&quot;,&quot;visibility_role&quot;:&quot;&quot;,&quot;logic&quot;:&quot;on&quot;,&quot;conditions&quot;:{&quot;visibility&quot;:&quot;Show&quot;,&quot;bound&quot;:&quot;All&quot;,&quot;rules&quot;:[{&quot;elements&quot;:&quot;test_options&quot;,&quot;operators&quot;:&quot;is&quot;,&quot;element_values&quot;:&quot;Option B&quot;}]},&quot;ppom_id&quot;:&quot;1&quot;}}"}]